<?xml version="1.0" encoding="UTF-8"?>
<xmi:XMI xmi:version="2.0" xmlns:xmi="http://www.omg.org/XMI" xmlns:sibresources="http://www.ibm.com/websphere/appserver/schemas/6.0/sibresources.xmi">
  <sibresources:SIBTopicSpace xmi:id="SIBTopicSpace_1183032009612" identifier="Default.Topic.Space" uuid="30128A6747C769FB8D48F5F3" description="" sendAllowed="true" receiveAllowed="true">
    <localizationPointRefs xmi:id="SIBLocalizationPointRef_1183032047345" node="N815Node01" server="server1" engineUuid="174597E71C02317E"/>
  </sibresources:SIBTopicSpace>
  <sibresources:SIBQueue xmi:id="SIBQueue_1183032047299" identifier="_SYSTEM.Exception.Destination.N815Node01.server1-busHOSHEN" uuid="AC50EA45FB38F22E8B834A64">
    <localizationPointRefs xmi:id="SIBLocalizationPointRef_1183032047314" node="N815Node01" server="server1" engineUuid="174597E71C02317E"/>
  </sibresources:SIBQueue>
  <sibresources:SIBQueue xmi:id="SIBQueue_1184157577712" identifier="queueTest" uuid="D91527C797E9B16FAD9BC242" description="" overrideOfQOSByProducerAllowed="true" exceptionDestination="$DEFAULT_EXCEPTION_DESTINATION" sendAllowed="true" receiveAllowed="true">
    <localizationPointRefs xmi:id="SIBLocalizationPointRef_1184157577837" node="N815Node01" server="server1" engineUuid="174597E71C02317E"/>
  </sibresources:SIBQueue>
</xmi:XMI>
